ApplicationId,UserId,UserName,LoweredUserName,MobileAlias,IsAnonymous,LastActivityDate
f9f62999-0e61-4ca8-9598-eaa33bd8bc89,02790313-cbde-4183-94bb-20e642ed96aa,Aramon,aramon,,false,7/24/2013 12:18:17 AM
f9f62999-0e61-4ca8-9598-eaa33bd8bc89,e478ce37-9be9-4e50-8e2e-949a13bda87f,Aubriy,aubriy,,false,7/24/2013 8:34:37 AM
f9f62999-0e61-4ca8-9598-eaa33bd8bc89,64f42fdf-3e53-4d22-b7b2-fc9b53e9310f,Avult,avult,,false,7/24/2013 2:14:28 AM
f9f62999-0e61-4ca8-9598-eaa33bd8bc89,e35e848c-7752-4936-890f-da55d20fe079,Bax,bax,,false,7/21/2013 7:18:34 PM
f9f62999-0e61-4ca8-9598-eaa33bd8bc89,8470a7ad-e97a-400e-9204-f114f4c2192b,CheshireKat,cheshirekat,,false,7/23/2013 8:24:11 AM
f9f62999-0e61-4ca8-9598-eaa33bd8bc89,c9647692-b4d7-48d5-b4e6-e78df2206a5d,Chron,chron,,false,7/24/2013 7:27:49 AM
f9f62999-0e61-4ca8-9598-eaa33bd8bc89,dea9b2da-ec75-4acf-a5a5-9576faab1734,Chronic Toohigh,chronic toohigh,,false,7/22/2013 2:24:18 AM
f9f62999-0e61-4ca8-9598-eaa33bd8bc89,b6bcf92d-f539-46a1-b220-a33fde169fd8,ChronicToohigh,chronictoohigh,,false,7/22/2013 2:25:47 AM
f9f62999-0e61-4ca8-9598-eaa33bd8bc89,23b63350-eb4c-4a3c-bde0-ff0ff0cd27e8,chuloon,chuloon,,false,7/23/2013 3:39:25 PM
f9f62999-0e61-4ca8-9598-eaa33bd8bc89,50bdbbb2-b85d-46f9-adcc-05075632f1ad,darksmurf,darksmurf,,false,7/18/2013 10:34:47 PM
f9f62999-0e61-4ca8-9598-eaa33bd8bc89,2c27ec51-03f5-4219-9fdf-256f3b139f6e,Drakonthius,drakonthius,,false,7/25/2013 8:44:57 PM
f9f62999-0e61-4ca8-9598-eaa33bd8bc89,16e743c9-5768-49c2-9624-b8e5a10a1125,GalieRae,galierae,,false,7/22/2013 4:06:42 PM
f9f62999-0e61-4ca8-9598-eaa33bd8bc89,7ea8b5c1-d3b1-4b20-8a17-bd09302b5a75,InfinityMoon,infinitymoon,,false,7/25/2013 8:44:34 PM
f9f62999-0e61-4ca8-9598-eaa33bd8bc89,96bd9165-e316-41bd-b468-60209118b820,Izariael,izariael,,false,7/25/2013 9:01:21 PM
f9f62999-0e61-4ca8-9598-eaa33bd8bc89,450ee140-d72d-4c5e-a658-e04656f14bed,Kendaren,kendaren,,false,7/25/2013 7:50:51 PM
f9f62999-0e61-4ca8-9598-eaa33bd8bc89,d2e63e51-d4f6-4f1a-a804-7dd8da00e4c4,kojchi17,kojchi17,,false,7/24/2013 2:23:33 AM
f9f62999-0e61-4ca8-9598-eaa33bd8bc89,d459f9ac-9693-4045-a71f-57bf880ccbd7,Krellian,krellian,,false,7/25/2013 12:00:00 PM
f9f62999-0e61-4ca8-9598-eaa33bd8bc89,085be9bd-abaa-48e2-9279-ad7efaee086f,Mirelle,mirelle,,false,7/24/2013 6:40:12 AM
f9f62999-0e61-4ca8-9598-eaa33bd8bc89,f15e2a9a-f3d1-4d49-819f-aadbb2ed3b50,Nomnomnom,nomnomnom,,false,7/21/2013 8:16:53 AM
f9f62999-0e61-4ca8-9598-eaa33bd8bc89,387a5d25-a836-4b02-a5b7-cca0c5f041fc,Quixote,quixote,,false,7/25/2013 6:40:15 AM
f9f62999-0e61-4ca8-9598-eaa33bd8bc89,254b5048-dbc6-4b6b-87eb-bc562fd35677,sescry,sescry,,false,7/24/2013 4:43:26 AM
f9f62999-0e61-4ca8-9598-eaa33bd8bc89,c03085fa-ba8a-4128-985c-efb7359088a9,Siuki,siuki,,false,7/25/2013 1:52:21 AM
f9f62999-0e61-4ca8-9598-eaa33bd8bc89,823b1917-5ec5-4d3d-bb21-3ab25ec2620c,talos,talos,,false,7/24/2013 4:06:00 PM
f9f62999-0e61-4ca8-9598-eaa33bd8bc89,17d6bdb0-051b-445b-8795-893ecb31e346,Tanda,tanda,,false,7/25/2013 6:40:24 PM
f9f62999-0e61-4ca8-9598-eaa33bd8bc89,963418f0-2229-4341-88c2-9bdce8aa28e7,testuser1,testuser1,,false,7/24/2013 4:41:25 PM
f9f62999-0e61-4ca8-9598-eaa33bd8bc89,670c7d82-d871-43c7-85f8-436c04c5fdfe,testuser12,testuser12,,false,7/23/2013 3:00:19 AM
f9f62999-0e61-4ca8-9598-eaa33bd8bc89,0012e8cd-56ba-498f-99b7-1bfe4c2a5dc6,TheGide,thegide,,false,7/25/2013 12:18:49 AM
f9f62999-0e61-4ca8-9598-eaa33bd8bc89,82845582-6452-44db-a973-c72e7b5ad7e7,Wrex,wrex,,false,7/20/2013 12:27:34 PM
f9f62999-0e61-4ca8-9598-eaa33bd8bc89,9be6d329-4c17-43ba-a762-56b024093c6e,Zekiri,zekiri,,false,7/19/2013 11:40:59 PM
